nafn,fornafn,eftirnafn,notendanafn,hopur
Guðríður Eiríksdóttir,Guðríður,Eiríksdóttir,GudEir,Yfirstjórn
Eva Markúsdóttir,Eva,Markúsdóttir,EvaMar,Yfirstjórn
Ásdís Magnúsdóttir,Ásdís,Magnúsdóttir,AsdMag,Innkaup
Vilborg Traustadóttir,Vilborg,Traustadóttir,VilTra,Innkaup
Kristján Björn Snorrason,Kristján,Snorrason,KriSno,Sala
Baldvin Kr Baldvinsson,Baldvin,Baldvinsson,BalBal,Sala
Ólafur Þór Leifsson,Ólafur,Leifsson,OlaLei,Sala
Guðmundur Óskar Bjarnason,Guðmundur,Bjarnason,GudBja,Sala
Per Stephansen,Per,Stephansen,PerSte,Sala